Mixture,AU565,BT20,BT474,BT483,BT549,CAL51,CAL851,CAMA1,DU4475,EFM19,EVSAT,HCC1143,HCC1187,HCC1500,HCC1937,HCC1954,HCC38,HCC70,HDQP1,HS578T,JIMT1,KPL1,MCF12A,MCF7,MDAMB361,MDAMB415,MDAMB436,MDAMB453,MDAMB468,MX1,T47D,ZR751,P-value,Correlation,RMSE
T1,0,0.114929981807246,0.0061693884413478,0.184682312866715,0.0166838085081029,0.0632200423101774,0,0,0.0468791282022832,0.0191291868608003,0.0355182849173838,0,0,0.0699235468529177,0.00625180500198989,0.0181217224718429,0.0692163645567502,0.0179930030451244,0.0432144904784664,0.0350453244768889,0.0837316849885149,0.0177735065796828,0,0,0,0,0.0170020233790576,0.0523960625007315,0.0114539824891878,0.0331688224186853,0.0374955268461026,0,0,0.738341091776917,0.729254424137902
T2,0,0.114929981807246,0.0061693884413478,0.184682312866715,0.0166838085081029,0.0632200423101774,0,0,0.0468791282022832,0.0191291868608003,0.0355182849173838,0,0,0.0699235468529177,0.00625180500198989,0.0181217224718429,0.0692163645567502,0.0179930030451244,0.0432144904784664,0.0350453244768889,0.0837316849885149,0.0177735065796828,0,0,0,0,0.0170020233790576,0.0523960625007315,0.0114539824891878,0.0331688224186853,0.0374955268461026,0,0,0.738341091776917,0.729254424137902
